ANGGOTA:;;;;;
23.11.5502      IKHSANUDIN;;;;;
23.11.5506      IKHSANUDDIN AHMAD FAUZI;;;;;
23.11.5519      MUHAMMAD ZAIDAN ELHA RASYAD;;;;;
23.11.5521      WAHID NURROHIM;;;;;
;;;;;
Date;Open;High;Low;Close;Volume
2004.06.06 00:00;384;384.08.00;382.08.00;384.01.00;272
2004.06.13 00:00;384.03.00;395.08.00;381.01.00;394.03.00;9692
2004.06.20 00:00;394.03.00;402.08.00;392.01.00;401.01.00;8509
2004.06.27 00:00;401.08.00;404.06.00;390.03.00;397.08.00;9682
2004.07.04 00:00;397.08.00;408.06.00;388.05.00;407.01.00;3507
2004.07.11 00:00;407.03.00;408.03.00;399.06.00;406.01.00;6227
2004.07.18 00:00;405.05.00;407.05.00;386.05.00;389.03.00;8279
2004.07.25 00:00;389.03.00;393.01.00;384.05.00;390.05.00;13575
2004.08.01 00:00;390.03.00;400.03.00;388.01.00;398.08.00;11955
2004.08.08 00:00;399.01.00;400.06.00;391.08.00;398.01.00;8836
2004.08.15 00:00;398.03.00;413.08.00;397.06.00;412.02.00;6438
2004.08.22 00:00;411.08.00;411.08.00;400.08.00;402.03.00;11214
2004.08.29 00:00;402.03.00;410.08.00;398.06.00;399.08.00;6689
2004.09.05 00:00;400.06.00;402.03.00;394.03.00;402.03.00;9470
2004.09.12 00:00;401.01.00;406.06.00;398.01.00;405;11576
2004.09.19 00:00;404.08.00;411.06.00;402.08.00;407.01.00;10078
2004.09.26 00:00;407.03.00;419.03.00;406.06.00;419;12630
2004.10.03 00:00;418.03.00;423.03.00;411.03.00;422.03.00;6942
2004.10.10 00:00;422.05.00;422.06.00;409.01.00;418.03.00;5509
2004.10.17 00:00;418.01.00;425.08.00;414.03.00;423.07.00;5724
2004.10.24 00:00;426;430.02.00;420.03.00;428.01.00;6326
2004.10.31 00:00;429.06.00;433.06.00;416.08.00;433.01.00;6481
2004.11.07 00:00;433.06.00;438.05.00;430.07.00;437.03.00;5903
2004.11.14 00:00;438.03.00;447.08.00;434.08.00;446.06.00;8203
2004.11.21 00:00;446.03.00;454.08.00;445.05.00;451.03.00;3526
2004.11.28 00:00;451.03.00;456.03.00;446.06.00;448.03.00;5187
2004.12.05 00:00;455.01.00;455.08.00;431.05.00;433.07.00;10304
2004.12.12 00:00;434.03.00;442.03.00;434.01.00;441;6067
2004.12.19 00:00;441.03.00;443.06.00;438.03.00;441.08.00;3003
2004.12.26 00:00;442.06.00;445.01.00;433.01.00;437;3970
2005.01.02 00:00;437.01.00;437.03.00;416.05.00;418.06.00;6861
2005.01.09 00:00;419.01.00;427.03.00;418.03.00;422.06.00;8541
2005.01.16 00:00;421.08.00;427.08.00;419.06.00;426.07.00;6582
2005.01.23 00:00;426.05.00;427.06.00;420.03.00;426.05.00;8359
2005.01.30 00:00;425.05.00;425.05.00;413.03.00;414.02.00;9038
2005.02.06 00:00;413.08.00;421.06.00;409.08.00;420.03.00;9469
2005.02.13 00:00;420.05.00;428.01.00;420.05.00;426.08.00;9953
2005.02.20 00:00;430.01.00;436.03.00;429.08.00;434.08.00;8002
2005.02.27 00:00;434.06.00;437.07.00;428.03.00;433.08.00;9004
2005.03.06 00:00;433.08.00;446.06.00;431.08.00;444.03.00;5338
2005.03.13 00:00;444.08.00;444.08.00;435.05.00;438.08.00;4675
2005.03.20 00:00;439.02.00;439.02.00;423.05.00;423.08.00;5063
2005.03.27 00:00;424.03.00;428.05.00;423.01.00;425.01.00;6399
2005.04.03 00:00;425.01.00;428;421.08.00;426.01.00;7607
2005.04.10 00:00;425.08.00;429.06.00;421.07.00;423.08.00;8335
2005.04.17 00:00;424;435.02.00;422.08.00;433.07.00;7461
2005.04.24 00:00;433.07.00;437.02.00;429.08.00;434;7943
2005.05.01 00:00;433.08.00;434.01.00;423.02.00;425.03.00;8558
2005.05.08 00:00;425.03.00;428;418.02.00;419.03.00;10833
2005.05.15 00:00;419.08.00;422.08.00;416.03.00;417.01.00;7774
2005.05.22 00:00;417.02.00;419.08.00;415.03.00;419.06.00;6824
2005.05.29 00:00;417.01.00;424.03.00;413.03.00;421.08.00;3111
2005.06.05 00:00;422.03.00;427.08.00;420.06.00;426.06.00;3849
2005.06.12 00:00;425.08.00;438.08.00;423.05.00;437.01.00;4139
2005.06.19 00:00;437;443.02.00;433.06.00;439.03.00;3975
2005.06.26 00:00;439.03.00;439.08.00;426.03.00;426.08.00;3520
2005.07.03 00:00;427.02.00;428.03.00;421.03.00;422.06.00;2783
2005.07.10 00:00;423.03.00;427.03.00;417.08.00;421.01.00;3828
2005.07.17 00:00;421.03.00;426.05.00;418.05.00;424.05.00;2978
2005.07.24 00:00;424.07.00;430.03.00;421.05.00;429.03.00;3850
2005.07.31 00:00;429.02.00;438.08.00;428.06.00;436.08.00;4805
2005.08.07 00:00;436.07.00;449.01.00;432.06.00;445.07.00;4292
2005.08.14 00:00;445.07.00;446.05.00;435.06.00;435.08.00;4318
2005.08.21 00:00;436.01.00;440.03.00;435.03.00;437.02.00;3935
2005.08.28 00:00;438.01.00;446.08.00;429;443.08.00;3852
2005.09.04 00:00;444.02.00;449.03.00;442.03.00;448.03.00;4234
2005.09.11 00:00;449.08.00;459.08.00;444.05.00;459.03.00;6640
2005.09.18 00:00;458.08.00;475;458.02.00;462.08.00;6365
2005.09.25 00:00;462.02.00;474.01.00;457.06.00;468.08.00;5932
2005.10.02 00:00;467.03.00;475.06.00;462.08.00;474.03.00;5327
2005.10.09 00:00;473.08.00;480;465.03.00;469.02.00;6602
2005.10.16 00:00;469;475;459.05.00;466.03.00;5660
2005.10.23 00:00;465.06.00;475.05.00;462.08.00;472.01.00;5432
2005.10.30 00:00;472.03.00;472.08.00;454.08.00;456.03.00;5412
2005.11.06 00:00;456.07.00;469.06.00;455.08.00;468.02.00;4952
2005.11.13 00:00;468.07.00;488.06.00;466.01.00;484.08.00;6556
2005.11.20 00:00;484.08.00;495;484.03.00;491.06.00;3279
2005.11.27 00:00;498.01.00;506.03.00;490.03.00;502.08.00;4775
2005.12.04 00:00;503.08.00;530.02.00;503.05.00;525.07.00;5994
2005.12.11 00:00;528.02.00;540.05.00;492.08.00;502.07.00;8550
2005.12.18 00:00;501.03.00;508.08.00;489.03.00;502.03.00;6582
2005.12.25 00:00;505.08.00;517.06.00;504.08.00;514.06.00;3781
2006.01.01 00:00;516.08.00;539.07.00;516.03.00;539.02.00;5455
2006.01.08 00:00;539.02.00;557.02.00;535;556.07.00;9556
2006.01.15 00:00;558.02.00;567.06.00;540.02.00;554;9799
2006.01.22 00:00;551.05.00;566.01.00;549;559;7151
2006.01.29 00:00;557.07.00;574.07.00;557.05.00;568.02.00;6271
2006.02.05 00:00;568.02.00;573.02.00;544.07.00;550.05.00;7867
2006.02.12 00:00;548.06.00;554;534.06.00;551.06.00;6907
2006.02.19 00:00;552.02.00;559.05.00;547;558.05.00;3611
2006.02.26 00:00;558.05.00;570.07.00;551.07.00;564.07.00;4181
2006.03.05 00:00;566.01.00;568;533.07.00;540.05.00;4463
2006.03.12 00:00;540;557.01.00;538.02.00;553.06.00;3759
2006.03.19 00:00;554.02.00;560.07.00;544.07.00;559.06.00;3366
2006.03.26 00:00;559.05.00;589.01.00;558.02.00;583.05.00;4981
2006.04.02 00:00;572.02.00;597.07.00;572.02.00;588.03.00;4663
2006.04.09 00:00;588.03.00;603.07.00;588;596;4013
2006.04.16 00:00;605.05.00;645.02.00;603.02.00;633.05.00;6432
2006.04.23 00:00;638.05.00;655.05.00;618.02.00;653.07.00;5611
2006.04.30 00:00;654.01.00;684.02.00;650.07.00;683.02.00;7043
2006.05.07 00:00;680.07.00;729.07.00;670.05.00;714.02.00;7600
2006.05.14 00:00;712.07.00;719.07.00;650.06.00;657.02.00;16307
2006.05.21 00:00;655.01.00;674.05.00;635.06.00;651.02.00;10315
2006.05.28 00:00;651.05.00;664.06.00;618.07.00;637.07.00;8165
2006.06.04 00:00;638.05.00;645.01.00;600.06.00;607.01.00;15115
2006.06.11 00:00;604.07.00;611.02.00;542.05.00;580.06.00;14154
2006.06.18 00:00;579;594.07.00;560.07.00;583;7805
2006.06.25 00:00;584;616;576.07.00;615.02.00;5604
2006.07.02 00:00;617;637;614.01.00;628.07.00;3372
2006.07.09 00:00;628.05.00;667.02.00;620.02.00;663.06.00;5542
2006.07.16 00:00;670.01.00;676;615.07.00;619.02.00;6529
2006.07.23 00:00;618.01.00;640.02.00;602.01.00;634.02.00;5131
2006.07.30 00:00;637;655.05.00;629;646;4754
2006.08.06 00:00;646;654.06.00;626.02.00;632;4736
2006.08.13 00:00;628.07.00;632.07.00;607;614.02.00;4654
2006.08.20 00:00;614.07.00;630;613.02.00;622;4582
2006.08.27 00:00;623;627.05.00;607.02.00;624.07.00;4509
2006.09.03 00:00;628.07.00;640.02.00;606.02.00;610.02.00;6089
2006.09.10 00:00;608.07.00;608.07.00;570.02.00;578.07.00;16051
2006.09.17 00:00;582.02.00;592.02.00;571.07.00;589.01.00;16964
2006.09.24 00:00;588.06.00;606.05.00;581.07.00;597.07.00;9242
2006.10.01 00:00;598.02.00;603.06.00;559.02.00;573.02.00;18276
2006.10.08 00:00;574.06.00;589.07.00;568.07.00;589.06.00;13045
2006.10.15 00:00;592.07.00;602;585.07.00;591.01.00;11641
2006.10.22 00:00;590.05.00;599.07.00;572.02.00;599.02.00;14831
2006.10.29 00:00;598.02.00;629;597.06.00;626.09.00;15986
2006.11.05 00:00;628.02.00;636.02.00;612.07.00;628.02.00;19249
2006.11.12 00:00;628.02.00;632.02.00;614.02.00;621.02.00;17763
2006.11.19 00:00;620.07.00;634.02.00;619.07.00;627.09.00;8039
2006.11.26 00:00;640.05.00;649.06.00;632.05.00;645;12725
2006.12.03 00:00;647;648.02.00;622.07.00;624.06.00;16158
2006.12.10 00:00;625;630.07.00;614.01.00;614.07.00;11522
2006.12.17 00:00;615.06.00;624.02.00;611.01.00;619.02.00;9991
2006.12.24 00:00;624.05.00;636.02.00;623.02.00;636.02.00;5380
2006.12.31 00:00;638.02.00;644.07.00;601.05.00;606.07.00;11150
2007.01.07 00:00;608.02.00;627.02.00;603.02.00;626.05.00;14964
2007.01.14 00:00;625.06.00;636.02.00;619.07.00;634.07.00;11437
2007.01.21 00:00;635.02.00;654.02.00;631.06.00;645.05.00;14043
2007.01.28 00:00;647.01.00;661;640.07.00;647.02.00;12321
2007.02.04 00:00;648.06.00;668.06.00;645.07.00;666.02.00;11928
2007.02.11 00:00;666.06.00;671.05.00;659.06.00;668.05.00;17784
2007.02.18 00:00;667.07.00;688;655.03.00;682;15719
2007.02.25 00:00;683.03.00;688.01.00;639.01.00;642;26389
2007.03.04 00:00;643.02.00;657.07.00;632.05.00;648.07.00;24171
2007.03.11 00:00;650.01.00;655.01.00;636.05.00;652.07.00;17966
2007.03.18 00:00;653.07.00;666.03.00;651.07.00;656.09.00;15701
2007.03.25 00:00;657.02.00;669;655;663.02.00;16450
2007.04.01 00:00;664.05.00;675.03.00;655.09.00;673.09.00;17725
2007.04.08 00:00;670.06.00;685.04.00;670.03.00;684.06.00;18398
2007.04.15 00:00;686.06.00;693.02.00;678.07.00;691.03.00;20276
2007.04.22 00:00;692.08.00;693.03.00;670.04.00;680.09.00;21086
2007.04.29 00:00;681;690.02.00;667.02.00;688.03.00;16463
2007.05.06 00:00;688.05.00;690.04.00;664;670.05.00;18240
2007.05.13 00:00;671.01.00;674.07.00;653.03.00;661.02.00;18826
2007.05.20 00:00;662.08.00;664.09.00;651.05.00;655.05.00;12415
2007.05.27 00:00;655.02.00;671.03.00;651.06.00;671.02.00;12253
2007.06.03 00:00;670.09.00;673.06.00;643.06.00;648.02.00;16539
2007.06.10 00:00;649.01.00;655.05.00;642.07.00;654.08.00;14928
2007.06.17 00:00;656;661.08.00;647.05.00;653.06.00;15259
2007.06.24 00:00;653.05.00;653.07.00;639.08.00;649.01.00;15578
2007.07.01 00:00;650.01.00;658.03.00;645;655.03.00;12599
2007.07.08 00:00;656;668.08.00;653.03.00;666.04.00;19584
2007.07.15 00:00;666.08.00;686.04.00;662.03.00;682.07.00;17885
2007.07.22 00:00;683.02.00;687.05.00;656.05.00;660.06.00;21877
2007.07.29 00:00;660.08.00;675.01.00;658.08.00;672.05.00;18662
2007.08.05 00:00;673.03.00;676.04.00;657.07.00;672.04.00;20647
2007.08.12 00:00;671.08.00;671.08.00;641.06.00;657.02.00;25748
2007.08.19 00:00;656;668.06.00;652.07.00;668;24300
2007.08.26 00:00;667.07.00;674.05.00;660.07.00;672.08.00;20535
2007.09.02 00:00;672.05.00;706.06.00;671;700.02.00;20156
2007.09.09 00:00;699.06.00;717;698.07.00;707;26674
2007.09.16 00:00;706.06.00;739.01.00;706.06.00;730.08.00;35416
2007.09.23 00:00;729.09.00;745.04.00;721.06.00;742.09.00;28515
2007.09.30 00:00;743.07.00;747.04.00;720.03.00;742.02.00;28105
2007.10.07 00:00;740.06.00;753.04.00;726.03.00;749.03.00;32530
2007.10.14 00:00;747.03.00;771.04.00;747.03.00;764.08.00;42464
2007.10.21 00:00;766.04.00;785.05.00;745;784.07.00;35019
2007.10.28 00:00;788.04.00;807.06.00;776.05.00;806.03.00;46875
2007.11.04 00:00;804.02.00;845.04.00;800.06.00;831.06.00;64292
2007.11.11 00:00;829.01.00;831.02.00;782.02.00;785.07.00;65915
2007.11.18 00:00;790;825.02.00;772.05.00;823.03.00;30848
2007.11.25 00:00;824.08.00;836.06.00;778.07.00;782.07.00;58657
2007.12.02 00:00;784.06.00;806.05.00;776.08.00;794.04.00;50392
2007.12.09 00:00;795.02.00;816.09.00;787.04.00;794.04.00;46786
2007.12.16 00:00;795.01.00;812;784.08.00;811.02.00;34518
2007.12.23 00:00;810.04.00;839.04.00;807.09.00;839.01.00;8664
2007.12.30 00:00;841.01.00;869;828.05.00;859.02.00;31177
2008.01.06 00:00;861.05.00;897.08.00;854.08.00;894.09.00;60607
2008.01.13 00:00;896.09.00;914;869.08.00;882.07.00;67883
2008.01.20 00:00;881.09.00;923.03.00;849.06.00;913.05.00;59960
2008.01.27 00:00;916.03.00;936.07.00;903.05.00;905;54923
2008.02.03 00:00;909.07.00;922.04.00;883.09.00;922.01.00;48066
2008.02.10 00:00;922.09.00;926.07.00;895.08.00;902;48055
2008.02.17 00:00;904;953.04.00;899.09.00;944.07.00;46540
2008.02.24 00:00;946.05.00;975.08.00;926;973.05.00;47662
2008.03.02 00:00;976.01.00;992.05.00;956.01.00;972.05.00;54693
2008.03.09 00:00;973.06.00;1006.07.00;960.06.00;1002.05.00;47755
2008.03.16 00:00;1017;1032.02.00;904.04.00;917.06.00;38217
2008.03.23 00:00;914;954.07.00;906.01.00;931.02.00;36792
2008.03.30 00:00;928.02.00;940.05.00;871.08.00;913.04.00;43887
2008.04.06 00:00;915.05.00;939.03.00;902.07.00;924.07.00;35149
2008.04.13 00:00;920.01.00;952.04.00;904.04.00;916.02.00;30155
2008.04.20 00:00;917.06.00;928.04.00;877.05.00;885.08.00;32017
2008.04.27 00:00;887.01.00;895.04.00;844.09.00;855.09.00;37110
2008.05.04 00:00;861.06.00;889.03.00;860.02.00;884.03.00;30660
2008.05.11 00:00;885.01.00;904.04.00;859.06.00;902.01.00;35014
2008.05.18 00:00;905.01.00;934.09.00;900.05.00;924.05.00;29977
2008.05.25 00:00;923.09.00;930.05.00;870.04.00;886.03.00;28540
2008.06.01 00:00;886.08.00;901.09.00;864.06.00;901.08.00;32994
2008.06.08 00:00;903.04.00;908.08.00;857.01.00;868.08.00;30335
2008.06.15 00:00;872;908.03.00;866.03.00;901.06.00;33999
2008.06.22 00:00;903.06.00;930.04.00;873.02.00;927.03.00;34472
2008.06.29 00:00;929.03.00;946.02.00;918.02.00;933.06.00;32994
2008.07.06 00:00;932;967.04.00;912.04.00;963.07.00;42404
2008.07.13 00:00;963.07.00;988;949.05.00;954.05.00;47342
2008.07.20 00:00;956.01.00;975.07.00;916.05.00;929.01.00;36461
2008.07.27 00:00;928.01.00;932.09.00;893.06.00;910.03.00;35099
2008.08.03 00:00;912.07.00;915.01.00;850.05.00;856.02.00;42810
2008.08.10 00:00;861.03.00;865.06.00;772.06.00;787.01.00;53143
2008.08.17 00:00;793.01.00;838.08.00;781.09.00;822.07.00;43048
2008.08.24 00:00;822.01.00;843.07.00;806.06.00;830.07.00;41059
2008.08.31 00:00;833.08.00;835.01.00;789.01.00;803.03.00;41027
2008.09.07 00:00;812.03.00;817.08.00;735.09.00;764.09.00;48023
2008.09.14 00:00;778.06.00;909.07.00;764.02.00;872.08.00;54178
2008.09.21 00:00;878.05.00;911.02.00;861.07.00;877.08.00;55401
2008.09.28 00:00;871.05.00;923.09.00;819;835.03.00;68987
2008.10.05 00:00;829;931.01.00;825.04.00;849.06.00;56296
2008.10.12 00:00;862.05.00;871.09.00;772.04.00;782.08.00;51104
2008.10.19 00:00;786.01.00;809.07.00;681.04.00;733.02.00;68061
2008.10.26 00:00;736.07.00;777.02.00;706.06.00;723.07.00;57169
2008.11.02 00:00;728.02.00;767.05.00;721.04.00;735.08.00;57616
2008.11.09 00:00;750.06.00;767.09.00;699.07.00;741.02.00;63046
2008.11.16 00:00;739.04.00;801.03.00;730.06.00;800;65227
2008.11.23 00:00;801.07.00;830.05.00;785.09.00;816;47457
2008.11.30 00:00;815.01.00;815.02.00;741.01.00;755.07.00;81194
2008.12.07 00:00;758.04.00;834.03.00;758.03.00;821.03.00;56369
2008.12.14 00:00;827.08.00;881.05.00;822.01.00;837.05.00;65842
2008.12.21 00:00;839.07.00;871.01.00;829.09.00;867;43117
2008.12.28 00:00;875.01.00;887.08.00;855.03.00;874.06.00;24215
2009.01.04 00:00;882.06.00;884;836.03.00;853;89645
2009.01.11 00:00;852.07.00;853.06.00;801.09.00;841.07.00;67615
2009.01.18 00:00;840.06.00;902.07.00;823.02.00;898.07.00;75377
2009.01.25 00:00;896.04.00;929.02.00;874.02.00;926.05.00;84000
2009.02.01 00:00;923.07.00;924.08.00;888.09.00;910.07.00;53187
2009.02.08 00:00;906.03.00;952.02.00;890.04.00;941;56925
2009.02.15 00:00;940.06.00;1005.09.00;935.07.00;992.01.00;29837
2009.02.22 00:00;995.02.00;997.07.00;927.05.00;941.06.00;57976
2009.03.01 00:00;947.05.00;957.09.00;899.05.00;938.06.00;121707
2009.03.08 00:00;937.04.00;940.03.00;890.08.00;929;118356
2009.03.15 00:00;925.01.00;966.07.00;883;951.04.00;141233
2009.03.22 00:00;950.06.00;956.07.00;916.01.00;922.04.00;105604
2009.03.29 00:00;923.08.00;932.06.00;890.03.00;892.04.00;124407
2009.04.05 00:00;892.03.00;893.06.00;865.01.00;881.15.00;120347
2009.04.12 00:00;883.95;899.73;864.78;868.25.00;225884
2009.04.19 00:00;868.51.00;913.73;864.54.00;912.05.00;173890
2009.04.26 00:00;915.06.00;918.01.00;880.03.00;886.05.00;139150
2009.05.03 00:00;886.07.00;925.28.00;885.01.00;915.09.00;143694
2009.05.10 00:00;915.65;933.98;908.36.00;931.15.00;93694
2009.05.17 00:00;930.97;960.92;9.158.200.000.000.000;956.95;105771
2009.05.24 00:00;956.88;980.02.00;941.11.00;9.785.700.000.000.000;109287
2009.05.31 00:00;976.74;989.63;952.04.00;954.79;174866
2009.06.07 00:00;954.39.00;965.02.00;936.23.00;938.08.00;126424
2009.06.14 00:00;935.04.00;941.65;925.23.00;933.48.00;90734
2009.06.21 00:00;933.65;948.15.00;912.88;939.01.00;148417
2009.06.28 00:00;936.28.00;9.456.799.999.999.990;923.54.00;931.05.00;108197
2009.07.05 00:00;929.75;931.33.00;904.78;912.58.00;88011
2009.07.12 00:00;913.77;941.78;907.73;936.95;89739
2009.07.19 00:00;938.33.00;957.15.00;937.95;950.92;125688
2009.07.26 00:00;949.62;9.586.799.999.999.990;925.48.00;953.05.00;149432
2009.08.02 00:00;952.97;971.46.00;951;954.45.00;193694
2009.08.09 00:00;953.95;960.36.00;939.88;948.05.00;180218
2009.08.16 00:00;947.59.00;957.65;930.08.00;953.24.00;146791
2009.08.23 00:00;953.28.00;961.39.00;939.66;954.42.00;175663
2009.08.30 00:00;955.92;997.16.00;9.444.299.999.999.990;993.37.00;180835
2009.09.06 00:00;994.25.00;1011.57.00;9.825.700.000.000.000;1004.71;174407
2009.09.13 00:00;1006.86;1023.87;992.12.00;1007.13.00;180240
2009.09.20 00:00;1003.16.00;1019.67;985;990.06.00;228822
2009.09.27 00:00;994.37.00;1009.57.00;984.99;1002.37.00;173319
2009.10.04 00:00;1003.03.00;1061.35.00;1000.85;1048.08.00;189245
2009.10.11 00:00;1052.29.00;1070.58.00;1043.16.00;1053.15.00;269576
2009.10.18 00:00;1054.72;1067.75;1047.66;1055.07.00;296966
2009.10.25 00:00;1052.59.00;1059.54.00;1026.04.00;1044.96;273943
2009.11.01 00:00;1044.12.00;1100.94;1042.84;1094.72;225468
2009.11.08 00:00;1096.22.00;1122.07.00;1095.49.00;1118.29.00;260515
2009.11.15 00:00;1124.11.00;1152.78;1122.98;1150.02.00;263191
2009.11.22 00:00;1159.16.00;1194.95;1137.58.00;1177.28.00;179428
2009.11.29 00:00;1169.02.00;1226.37.00;1147.32.00;1160.82;181514
2009.12.06 00:00;1156.87;1168.47.00;1109.36.00;1115.05.00;206175
2009.12.13 00:00;1113.48.00;1141.51.00;1094.71;1112.98;178739
2009.12.20 00:00;1114.13.00;1117.09.00;1074.48.00;1105.15.00;119910
2009.12.27 00:00;1108.24.00;1113.04.00;1085.99;1097.51.00;176211
2010.01.03 00:00;1094.61;1140.65;1093.08.00;1138.25.00;109373
2010.01.10 00:00;1153.06.00;1161.63;1118.82;1130.09.00;363925
2010.01.17 00:00;1132.54.00;1141.03.00;1082.15.00;1092.76;372489
2010.01.24 00:00;1094.72;1103.89;1074.01.00;1080.67;403541
2010.01.31 00:00;1082.66;1124.08.00;1044.46.00;1065.95;420746
2010.02.07 00:00;1065.28.00;1097.64;1061.65;1093.05.00;403701
2010.02.14 00:00;1096.54.00;1126.83;1091.45.00;1118.99;362017
2010.02.21 00:00;1124.85;1130.75;1088.01.00;1117.03.00;243601
2010.02.28 00:00;1117.83;1144.62;1112.05.00;1134.55.00;233276
2010.03.07 00:00;1134.85;1137.05.00;1098.45.00;1101.49.00;199575
2010.03.14 00:00;1104.22.00;1132.97;1101.24.00;1106.64;246798
2010.03.21 00:00;1105.62;1109.13.00;1085.05.00;1107.01.00;309414
2010.03.28 00:00;1110.18.00;1127.69;1101.56.00;1122.18.00;268338
2010.04.04 00:00;1125.39.00;1164.37.00;1122.45.00;1161.54.00;275425
2010.04.11 00:00;1167.03.00;1169.44.00;1129.89;1137.11.00;288402
2010.04.18 00:00;1134.76;1157.56.00;1123.78;1157.37.00;223526
2010.04.25 00:00;1157.77;1181.41.00;1146.35.00;1178.72;278071
2010.05.02 00:00;1177.78;1213.13.00;1157.62;1207.87;343607
2010.05.09 00:00;1200.43.00;1249.12.00;1184.06.00;1232.46.00;303711
2010.05.16 00:00;1232.97;1242.06.00;1166.34.00;1176.81;383971
2010.05.23 00:00;1180.82;1218.26.00;1179.35.00;1214.05.00;305511
2010.05.30 00:00;1214.05.00;1228.62;1196.08.00;1219.58.00;291309
2010.06.06 00:00;1219.81;1251.69;1210.52.00;1226.25.00;343560
2010.06.13 00:00;1230.32.00;1262.08.00;1216.54.00;1256.58.00;137634
2010.06.20 00:00;1259.55.00;1265.02.00;1224.56.00;1255.45.00;131780
2010.06.27 00:00;1254.03.00;1262.05.00;1196.35.00;1211.33.00;162324
2010.07.04 00:00;1210.93;1214.28.00;1184.78;1211.54.00;127298
2010.07.11 00:00;1211.08.00;1217.75;1186;1192.68;131179
2010.07.18 00:00;1192.55.00;1203.75;1175.66;1188.82;144146
2010.07.25 00:00;1189.02.00;1194.53.00;1157;1180.55.00;118449
2010.08.01 00:00;1181.13.00;1210.74;1174.53.00;1204.98;118756
2010.08.08 00:00;1205.03.00;1217.38.00;1190.58.00;1215.02.00;119875
2010.08.15 00:00;1214.07.00;1237.25.00;1214.05.00;1227.58.00;107115
2010.08.22 00:00;1227.55.00;1243.94;1210.71;1237.08.00;123420
2010.08.29 00:00;1237.02.00;1254.48.00;1231.79;1246.34.00;116823
2010.09.05 00:00;1248.15.00;1262.05.00;1236.05.00;1245.75;96392
2010.09.12 00:00;1244.93;1282.58.00;1241.01.00;1273.93;125710
2010.09.19 00:00;1276.09.00;1299.66;1270.93;1296.18.00;236898
2010.09.26 00:00;1295.61;1320.44.00;1282.75;1318.72;277645
2010.10.03 00:00;1319.82;1349.06.00;1312.27.00;1347.21.00;273179
2010.10.10 00:00;1353.13.00;1387.03.00;1340.13.00;1368.17.00;377192
2010.10.17 00:00;1367.83;1374.76;1315.14.00;1328.18.00;391892
2010.10.24 00:00;1331.66;1359.03.00;1318.08.00;1359;187780
2010.10.31 00:00;1361.02.00;1397.95;1325.55.00;1393.25.00;150830
2010.11.07 00:00;1397.07.00;1424.03.00;1382.06.00;1412;120325
2010.11.14 00:00;1373.08.00;1376.06.00;1329.05.00;1353.15.00;204624
2010.11.21 00:00;1358.03.00;1382.18.00;1348.35.00;1363.01.00;147281
2010.11.28 00:00;1358.15.00;1415.45.00;1353.02.00;1413.04.00;151477
2010.12.05 00:00;1410.17.00;1430.88;1371.38.00;1385.07.00;176724
2010.12.12 00:00;1403.05.00;1407.08.00;1361.19.00;1374.85;112107
2010.12.19 00:00;1382.61;1391.84;1372.18.00;1383;245074
2010.12.26 00:00;1376.82;1414.48.00;1376.32.00;1408.13.00;164101
2011.01.02 00:00;1415.71;1423.77;1352.79;1368.78;226389
2011.01.09 00:00;1369.34.00;1393;1354.95;1361.78;274637
2011.01.16 00:00;1363.49.00;1378.77;1337.61;1342.35.00;411096
2011.01.23 00:00;1345.82;1353.08.00;1307.88;1336.31.00;400307
2011.01.30 00:00;1344.47.00;1357.87;1322.96;1348.65;453110
2011.02.06 00:00;1346.52.00;1368;1344.99;1356.63;398661
2011.02.13 00:00;1354.01.00;1391.65;1354.01.00;1389.79;207262
2011.02.20 00:00;1391.04.00;1417.94;1390.63;1410.15.00;401527
2011.02.27 00:00;1413.85;1440.01.00;1404.67;1430.64;440554
2011.03.06 00:00;1434.65;1444.48.00;1402.87;1417.02.00;448063
2011.03.13 00:00;1425.68;1430.23.00;1380.88;1418.16.00;438978
2011.03.20 00:00;1424.28.00;1447.04.00;1419.32.00;1429.32.00;75996
2011.03.27 00:00;1424.09.00;1439.03.00;1410.08.00;1428.35.00;91965
2011.04.03 00:00;1428.45.00;1474.83;1427.06.00;1474.53.00;81889
2011.04.10 00:00;1475.02.00;1487.85;1445.63;1486.35.00;101667
2011.04.17 00:00;1485.03.00;1507.95;1477.03.00;1504.95;20645
2011.04.24 00:00;1516.23.00;1569;1493.15.00;1563.03.00;61996
2011.05.01 00:00;1547.25.00;1575.13.00;1462.35.00;1495;162783
2011.05.08 00:00;1494.25.00;1526.37.00;1478.08.00;1494.06.00;117209
2011.05.15 00:00;1490.05.00;1515.65;1471.68;1512.85;111923
2011.05.22 00:00;1512.15.00;1538.15.00;1503.08.00;1535.96;122946
2011.05.29 00:00;1535.95;1549.88;1519.55.00;1542.15.00;71119
2011.06.05 00:00;1541.09.00;1553.43.00;1525.09.00;1531.12.00;91346
2011.06.12 00:00;1528.83;1541.09.00;1510.83;1539.38.00;127136
2011.06.19 00:00;1539.07.00;1557.86;1498.37.00;1502.29.00;176035
2011.06.26 00:00;1498.07.00;1513.97;1478.05.00;1487.25.00;353801
2011.07.03 00:00;1494.85;1545.02.00;1492.85;1543.75;267850
2011.07.10 00:00;1542.46.00;1594.07.00;1540.43.00;1592.79;374562
2011.07.17 00:00;1593.55.00;1609.75;1495.75;1600.85;303474
2011.07.24 00:00;1608.45.00;1632.35.00;1603;1626.27.00;349513
2011.07.31 00:00;1610.02.00;1681.08.00;1607.88;1665.12.00;292013
2011.08.07 00:00;1684.01.00;1813.77;1682.03.00;1742.98;328222
2011.08.14 00:00;1744.97;1876.66;1727.67;1851.51.00;252943
2011.08.21 00:00;1865.66;1911.63;1702.55.00;1825.27.00;403830
2011.08.28 00:00;1832.26.00;1884.33.00;1775.74;1881.92;303766
2011.09.04 00:00;1880.85;1920.61;1792.41.00;1857.02.00;306417
2011.09.11 00:00;1857.46.00;1861.28.00;1762.44.00;1808.08.00;314723
2011.09.18 00:00;1818.58.00;1827.68;1628.82;1653.92;326126
2011.09.25 00:00;1647.36.00;1677;1531.94;1623.68;383369
2011.10.02 00:00;1623.68;1678.35.00;1595.65;1636.48.00;301312
2011.10.09 00:00;1638.97;1692.03.00;1638.83;1680.62;253227
2011.10.16 00:00;1682.44.00;1694.79;1603.52.00;1641.77;282435
2011.10.23 00:00;1638.08.00;1752.22.00;1635.28.00;1743.07.00;262892
2011.10.30 00:00;1741.49.00;1767.41.00;1680.97;1754.18.00;257841
2011.11.06 00:00;1753;1802.79;1735.47.00;1787.98;252729
2011.11.13 00:00;1787.96;1796.01.00;1710.32.00;1723.06.00;267684
2011.11.20 00:00;1722.09.00;1726.23.00;1666.33.00;1682.33.00;254860
2011.11.27 00:00;1687.71;1763.03.00;1686.84;1745.82;262122
2011.12.04 00:00;1750.16.00;1755.87;1701.95;1710.48.00;279033
2011.12.11 00:00;1713.53.00;1714.48.00;1560.08.00;1598.64;327841
2011.12.18 00:00;1601.92;1641.61;1583.25.00;1606.56.00;237501
2011.12.25 00:00;1605.06.00;1605.43.00;1522.64;1564.11.00;176621
2012.01.01 00:00;1567.37.00;1631.14.00;1566.07.00;1616.55.00;237381
2012.01.08 00:00;1614.34.00;1661.98;1605.03.00;1638.21.00;291566
2012.01.15 00:00;1635.47.00;1670.05.00;1631.45.00;1666.81;272775
2012.01.22 00:00;1666.22.00;1739.73;1648.99;1738.65;262566
2012.01.29 00:00;1735.59.00;1763.16.00;1716.16.00;1725.37.00;301808
2012.02.05 00:00;1728.59.00;1752.59.00;1704.64;1721.39.00;277246
2012.02.12 00:00;1727.96;1737.27.00;1705.23.00;1722.87;263639
2012.02.19 00:00;1727.67;1787.26.00;1727.67;1772.05.00;229807
2012.02.26 00:00;1773.98;1790.56.00;1685.96;1711.38.00;214837
2012.03.04 00:00;1711.98;1716.07.00;1662.86;1713.69;271872
2012.03.11 00:00;1713.04.00;1713.55.00;1634.44.00;1659.31.00;271415
2012.03.18 00:00;1660.42.00;1669.72;1628.08.00;1661.26.00;274294
2012.03.25 00:00;1664.21.00;1696.95;1645.19.00;1666.95;461848
2012.04.01 00:00;1671.34.00;1683.46.00;1612.39.00;1630.65;581355
2012.04.08 00:00;1644.61;1679.85;1631.08.00;1655.57.00;645034
2012.04.15 00:00;1653.14.00;1657.69;1631.09.00;1642.56.00;646872
2012.04.22 00:00;1639.87;1667.44.00;1623.21.00;1662.37.00;651715
2012.04.29 00:00;1664.05.00;1671.45.00;1626.43.00;1641.17.00;598107
2012.05.06 00:00;1639.73;1642.06.00;1574.42.00;1579.11.00;703740
2012.05.13 00:00;1582.16.00;1597.59.00;1526.96;1592.18.00;780039
2012.05.20 00:00;1592.76;1599.13.00;1533.14.00;1572.56.00;714779
2012.05.27 00:00;1575.45.00;1629.53.00;1533.21.00;1623.04.00;699108
2012.06.03 00:00;1623.78;1640.63;1560.99;1592.32.00;844546
2012.06.10 00:00;1600.94;1633.63;1581.74;1623.99;547056
2012.06.17 00:00;1623.08.00;1633.18.00;1558.01.00;1571.29.00;604640
2012.06.24 00:00;1572.36.00;1606.79;1547.09.00;1596.56.00;539329
2012.07.01 00:00;1597.61;1624.93;1576.39.00;1582.05.00;482787
2012.07.08 00:00;1579.15.00;1601.17.00;1554.94;1588.72;495207
2012.07.15 00:00;1590.57.00;1598.93;1567.07.00;1583.53.00;543449
2012.07.22 00:00;1580.48.00;1629.38.00;1563.16.00;1622.35.00;559559
2012.07.29 00:00;1624.04.00;1627.89;1583.83;1602.24.00;506431
2012.08.05 00:00;1601.38.00;1626.39.00;1600.74;1619.48.00;473942
2012.08.12 00:00;1620.09.00;1625.06.00;1589.02.00;1614.76;454063
2012.08.19 00:00;1617.42.00;1674.81;1609.75;1669.44.00;447892
2012.08.26 00:00;1671.38.00;1692.78;1645.91;1690.08.00;433041
2012.09.02 00:00;1689.15.00;1741.75;1685.35.00;1735.07.00;512709
2012.09.09 00:00;1734.91;1777.72;1715.46.00;1770.35.00;729253
2012.09.16 00:00;1775.13.00;1787.39.00;1751.84;1773.03.00;774228
2012.09.23 00:00;1771.81;1783.24.00;1736.63;1771.68;784439
2012.09.30 00:00;1769.47.00;1795.87;1763.33.00;1780.29.00;755255
2012.10.07 00:00;1777.25.00;1779.07.00;1752.06.00;1754.19.00;677089
2012.10.14 00:00;1751.86;1753.46.00;1715.52.00;1721.75;676261
2012.10.21 00:00;1718.34.00;1730.03.00;1698.05.00;1710.89;749080
2012.10.28 00:00;1711.77;1726.98;1674.43.00;1677.42.00;621960
2012.11.04 00:00;1677.93;1738.77;1672.63;1730.84;824178
2012.11.11 00:00;1733.65;1737.96;1704.68;1713.57.00;746807
2012.11.18 00:00;1714.57.00;1754.28.00;1714.29.00;1751.13.00;576742
2012.11.25 00:00;1750.35.00;1752.19.00;1705.59.00;1714.13.00;753404
2012.12.02 00:00;1714.96;1722.51.00;1684.01.00;1703.59.00;770968
2012.12.09 00:00;1703.68;1723.27.00;1689.39.00;1695.38.00;703558
2012.12.16 00:00;1699.48.00;1703.07.00;1635.44.00;1657.04.00;728779
2012.12.23 00:00;1657.22.00;1667.89;1651.81;1655.16.00;301702
2012.12.30 00:00;1656.02.00;1694.77;1625.08.00;1655.75;510683
2013.01.06 00:00;1658.06.00;1678.77;1642.67;1662.71;674013
2013.01.13 00:00;1661.58.00;1696.01.00;1659.88;1683.31.00;635285
2013.01.20 00:00;1688.48.00;1695.99;1655.87;1658.91;569845
2013.01.27 00:00;1659.66;1683.74;1651.89;1667.11.00;642659
2013.02.03 00:00;1668.08.00;1684.97;1661.48.00;1666.97;677875
2013.02.10 00:00;1667.36.00;1669.54.00;1597.87;1609.23.00;740590
2013.02.17 00:00;1609.22.00;1618.79;1555.04.00;1580.46.00;1000600
2013.02.24 00:00;1580.91;1620.01.00;1564.81;1576.23.00;1104052
2013.03.03 00:00;1580.02.00;1586.51.00;1561.41.00;1578.55.00;832786
2013.03.10 00:00;1578.06.00;1599.35.00;1575.05.00;1591.95;597593
2013.03.17 00:00;1604.62;1616.84;1591.67;1608.42.00;604279
2013.03.24 00:00;1608.32.00;1613.79;1589.65;1596.01.00;478195
2013.03.31 00:00;1600.84;1603.92;1540.12.00;1580.79;706749
2013.04.07 00:00;1582.24.00;1590.38.00;1481.75;1482.33.00;795318
2013.04.14 00:00;1482.82;1495.57.00;1321.54.00;1403.53.00;1934970
2013.04.21 00:00;1405.88;1485.21.00;1403.06.00;1461.01.00;1177277
2013.04.28 00:00;1466.69;1488.08.00;1440.41.00;1470.45.00;1001764
2013.05.05 00:00;1470.21.00;1478.85;1419.74;1447.39.00;986105
2013.05.12 00:00;1445.98;1446.74;1355.26.00;1358.89;1295846
2013.05.19 00:00;1364.59.00;1414.31.00;1337.95;1385.79;1539640
2013.05.26 00:00;1387.09.00;1421.09.00;1373.69;1387.64;868449
2013.06.02 00:00;1389.05.00;1423.89;1377.78;1381.96;1088597
2013.06.09 00:00;1379.18.00;1394.88;1365.29.00;1390.25.00;977634
2013.06.16 00:00;1389.19.00;1391.93;1269.43.00;1295.57.00;1247245
2013.06.23 00:00;1298.87;1301.51.00;1180.17.00;1234.86;1639897
2013.06.30 00:00;1235.51.00;1267.47.00;1208.14.00;1222.92;1031976
2013.07.07 00:00;1223.59.00;1298.83;1215.65;1285.31.00;1073021
2013.07.14 00:00;1288.52.00;1300.55.00;1270.27.00;1295.75;899659
2013.07.21 00:00;1296.07.00;1346.68;1296.42.00;1333.06.00;887668
2013.07.28 00:00;1333.38.00;1339.07.00;1283.01.00;1312.43.00;925425
2013.08.04 00:00;1312.02.00;1320.72;1272.08.00;1314.24.00;777138
2013.08.11 00:00;1317.59.00;1379.57.00;1315.89;1376.56.00;1077600
2013.08.18 00:00;1378.68;1400.01.00;1352.35.00;1397.68;1059232
2013.08.25 00:00;1398.85;1433.73;1389.45.00;1394.81;1048300
2013.09.01 00:00;1391.41.00;1416.35.00;1359.91;1391.13.00;869805
2013.09.08 00:00;1389.09.00;1391.95;1304.91;1326.15.00;797691
2013.09.15 00:00;1329.26.00;1375.08.00;1291.79;1325.65;1051437
2013.09.22 00:00;1325.71;1344.09.00;1305.08.00;1336.46.00;1101770
2013.09.29 00:00;1347.77;1347.77;1277.81;1310.51.00;1008152
2013.10.06 00:00;1313.89;1330.09.00;1262.13.00;1272.08.00;1269269
2013.10.13 00:00;1273.08.00;1327.19.00;1251.67;1316.08.00;521404
2013.10.20 00:00;1315.07.00;1355.08.00;1310.19.00;1350.44.00;336030
2013.10.27 00:00;1352.65;1361.77;1306.15.00;1315.85;365247
2013.11.03 00:00;1314.57.00;1326.34.00;1281.07.00;1287.08.00;322673
2013.11.10 00:00;1288.43.00;1294.25.00;1261.33.00;1287.97;342155
2013.11.17 00:00;1288.78;1289.54.00;1236.71;1243.15.00;346533
2013.11.24 00:00;1237.81;1257.87;1226.77;1252.92;265296
2013.12.01 00:00;1249.05.00;1251.49.00;1211.71;1228.61;376937
2013.12.08 00:00;1231.01.00;1267.76;1220.54.00;1238.41.00;368317
2013.12.15 00:00;1237.69;1251.86;1187.14.00;1202.93;397099
2013.12.22 00:00;1203.57.00;1219.02.00;1192.65;1213.13.00;158874
2013.12.29 00:00;1215.12.00;1240.14.00;1182.42.00;1236.05.00;238678
2014.01.05 00:00;1237.32.00;1248.84;1214.21.00;1247.78;338795
2014.01.12 00:00;1250.01.00;1255.19.00;1234.21.00;1253.75;285569
2014.01.19 00:00;1257.35.00;1272.48.00;1231.48.00;1269.22.00;277988
2014.01.26 00:00;1270.05.00;1278.93;1238;1243.85;316833
2014.02.02 00:00;1243.65;1274.27.00;1240.76;1267.35.00;292250
2014.02.09 00:00;1269.36.00;1321.01.00;1265.01.00;1318.14.00;322355
2014.02.16 00:00;1320.16.00;1331.99;1307.28.00;1324.09.00;316337
2014.02.23 00:00;1324.66;1345.32.00;1318.76;1326.21.00;325574
2014.03.02 00:00;1335.44.00;1354.66;1327.97;1340.17.00;341817
2014.03.09 00:00;1338.85;1387.09.00;1328.07.00;1382.27.00;344058
2014.03.16 00:00;1388.03.00;1388.91;1320.48.00;1333.55.00;350289
2014.03.23 00:00;1330.15.00;1334.19.00;1285.68;1294.83;305795
2014.03.30 00:00;1293.58.00;1306.68;1277.63;1303.09.00;290146
2014.04.06 00:00;1302.75;1324.42.00;1295.55.00;1318.16.00;291113
2014.04.13 00:00;1322.41.00;1331.04.00;1284.61;1294.74;259541
2014.04.20 00:00;1294.38.00;1305;1268.41.00;1302.55.00;306518
2014.04.27 00:00;1304.11.00;1306.04.00;1273.21.00;1300.05.00;297878
2014.05.04 00:00;1301.12.00;1315.55.00;1284.91;1288.62;309455
2014.05.11 00:00;1288.65;1308.92;1277.58.00;1293.28.00;312432
2014.05.18 00:00;1290.95;1305.34.00;1283.26.00;1292.13.00;298555
2014.05.25 00:00;1291.09.00;1294.07.00;1242.15.00;1249.23.00;273557
2014.06.01 00:00;1249.56.00;1257.68;1240.56.00;1253.04.00;273930
2014.06.08 00:00;1251.96;1277.81;1250.31.00;1276.63;252978
2014.06.15 00:00;1277.84;1321.88;1258.54.00;1314.09.00;313132
2014.06.22 00:00;1314.38.00;1325.88;1306.17.00;1315.88;273386
2014.06.29 00:00;1315.92;1332.26.00;1309.25.00;1319.06.00;246299
2014.07.06 00:00;1319.07.00;1345.05.00;1311.41.00;1337.83;246703
2014.07.13 00:00;1338.97;1338.97;1291.97;1310.34.00;286520
2014.07.20 00:00;1309.86;1318.23.00;1287.51.00;1307.03.00;222418
2014.07.27 00:00;1305.59.00;1312.04.00;1279.37.00;1292.09.00;244030
2014.08.03 00:00;1293.13.00;1322.53.00;1282.38.00;1310.35.00;295694
2014.08.10 00:00;1309.02.00;1319.19.00;1292.41.00;1304.04.00;303900
2014.08.17 00:00;1301.74;1303.47.00;1272.61;1279.08.00;245310
2014.08.24 00:00;1278.17.00;1296.03.00;1273.52.00;1286.66;252225
2014.08.31 00:00;1287.47.00;1289.71;1257.12.00;1268.65;268529
2014.09.07 00:00;1269.21.00;1271.63;1225.07.00;1229.12.00;351012
2014.09.14 00:00;1228.94;1241.89;1213.64;1215.33.00;332211
2014.09.21 00:00;1215.83;1234.99;1206.77;1217.49.00;330564
2014.09.28 00:00;1217.89;1223.12.00;1189.82;1191.77;325692
2014.10.05 00:00;1187.27.00;1233.19.00;1182.77;1222.75;318550
2014.10.12 00:00;1227.15.00;1249.51.00;1221.07.00;1238.31.00;396086
2014.10.19 00:00;1237.21.00;1255.13.00;1226.14.00;1230.09.00;250342
2014.10.26 00:00;1228.38.00;1235.39.00;1161.42.00;1171.52.00;320802
2014.11.02 00:00;1167.31.00;1178.58.00;1131.44.00;1176.24.00;380485
2014.11.09 00:00;1174.45.00;1193.45.00;1145.95;1188.33.00;387959
2014.11.16 00:00;1184.07.00;1207.63;1174.94;1201.13.00;440039
2014.11.23 00:00;1201.54.00;1204.08.00;1165.06.00;1165.88;290475
2014.11.30 00:00;1158.49.00;1220.08.00;1141.74;1191.87;436858
2014.12.07 00:00;1187.34.00;1238.25.00;1186.96;1222.36.00;619929
2014.12.14 00:00;1221.51.00;1224.03.00;1183.04.00;1195.19.00;432703
2014.12.21 00:00;1194.02.00;1203.21.00;1170.48.00;1195.13.00;186762
2014.12.28 00:00;1196.12.00;1210.69;1167.33.00;1188.82;342894
2015.01.04 00:00;1187.73;1223.91;1178;1222.36.00;395289
2015.01.11 00:00;1223.09.00;1282.01.00;1217.04.00;1280.04.00;491485
2015.01.18 00:00;1278.61;1307.53.00;1271.89;1293.76;341997
2015.01.25 00:00;1294.62;1299;1251.88;1283.56.00;434442
2015.02.01 00:00;1280.42.00;1285.55.00;1228.21.00;1233.12.00;456925
2015.02.08 00:00;1237.11.00;1245.82;1216.41.00;1228.99;326423
2015.02.15 00:00;1228.34.00;1236.59.00;1197.42.00;1201.66;317940
2015.02.22 00:00;1202.87;1219.84;1190.03.00;1212.78;335105
2015.03.01 00:00;1213.85;1223.18.00;1163.81;1167.13.00;359660
2015.03.08 00:00;1168.52.00;1175.29.00;1147.42.00;1158.18.00;315706
2015.03.15 00:00;1156.68;1187.88;1142.07.00;1182.22.00;399222
2015.03.22 00:00;1185.08.00;1219.57.00;1179.23.00;1198.09.00;322501
2015.03.29 00:00;1197.39.00;1208.51.00;1178.29.00;1199.64;264810
2015.04.05 00:00;1215.64;1224.13.00;1192.52.00;1207.24.00;301364
2015.04.12 00:00;1207.15.00;1209.41.00;1183.87;1204.27.00;417999
2015.04.19 00:00;1205.29.00;1209.02.00;1175.14.00;1179.24.00;357610
2015.04.26 00:00;1179.54.00;1214.96;1169.66;1178.04.00;413088
2015.05.03 00:00;1179.89;1199.86;1177.65;1188.38.00;334154
2015.05.10 00:00;1188.64;1227.08.00;1178.83;1223.78;377360
2015.05.17 00:00;1223.74;1232.22.00;1201.36.00;1206.26.00;344759
2015.05.24 00:00;1204.88;1209.15.00;1180.03.00;1190.42.00;293236
2015.05.31 00:00;1190.47.00;1204.02.00;1162.63;1171.52.00;342064
2015.06.07 00:00;1169.98;1192.23.00;1169.05.00;1181.47.00;318253
2015.06.14 00:00;1182.17.00;1205.68;1172.73;1200.19.00;314631
2015.06.21 00:00;1200.69;1200.88;1168.05.00;1175.18.00;279269
2015.06.28 00:00;1186.25.00;1187.09.00;1155.98;1168.58.00;347626
2015.07.05 00:00;1172;1174.67;1147.13.00;1163.59.00;388080
2015.07.12 00:00;1162.73;1164.13.00;1131.06.00;1134.23.00;303448
2015.07.19 00:00;1132.56.00;1133.01.00;1069.72;1099.08.00;451938
2015.07.26 00:00;1095.58.00;1104.93;1079.98;1095.48.00;410097
2015.08.02 00:00;1095.72;1099.43.00;1080.94;1094.17.00;425587
2015.08.09 00:00;1093.04.00;1126.71;1089.58.00;1114.82;485748
2015.08.16 00:00;1114.07.00;1168.16.00;1109.63;1160.54.00;489932
2015.08.23 00:00;1164.32.00;1170.01.00;1117.68;1134.02.00;689780
2015.08.30 00:00;1133.77;1147.85;1116.72;1122.33.00;454698
2015.09.06 00:00;1122.99;1126.67;1098.71;1107.68;395260
2015.09.13 00:00;1107.44.00;1141.68;1102.15.00;1139.04.00;412894
2015.09.20 00:00;1139.11.00;1156.65;1121.28.00;1145.56.00;439778
2015.09.27 00:00;1145.33.00;1148.14.00;1104.59.00;1138.72;493808
2015.10.04 00:00;1136.78;1159.61;1130.06.00;1156.53.00;443877
2015.10.11 00:00;1155.83;1191.44.00;1151.74;1177.14.00;458079
2015.10.18 00:00;1176.54.00;1180.67;1158.88;1164.37.00;473196
2015.10.25 00:00;1162.09.00;1182.86;1139.23.00;1141.74;507937
2015.11.01 00:00;1141.45.00;1142.94;1085.39.00;1088.62;486667
2015.11.08 00:00;1090.33.00;1095.59.00;1074.08.00;1083.54.00;463312
2015.11.15 00:00;1088.11.00;1098.01.00;1064.64;1077.98;555102
2015.11.22 00:00;1076.15.00;1081.01.00;1052.67;1058.04.00;425045
2015.11.29 00:00;1058.29.00;1088.78;1046.23.00;1086.76;551404
2015.12.06 00:00;1084.82;1086.55.00;1062.36.00;1074.66;628425
2015.12.13 00:00;1073.72;1078.27.00;1047.58.00;1065.85;552809
2015.12.20 00:00;1066.16.00;1081.71;1063.91;1076.05.00;320787
2015.12.27 00:00;1075.86;1076.86;1058.13.00;1060.81;308976
2016.01.03 00:00;1064.88;1113.12.00;1061.66;1103.85;760045
2016.01.10 00:00;1107.04.00;1108.42.00;1071.33.00;1088.72;744431
2016.01.17 00:00;1090.14.00;1109.56.00;1082.45.00;1097.78;810985
2016.01.24 00:00;1097.73;1127.94;1097.13.00;1117.99;675873
2016.01.31 00:00;1115.86;1174.04.00;1115.86;1173.06.00;839185
2016.02.07 00:00;1168.46.00;1263.34.00;1164.23.00;1238.13.00;917990
2016.02.14 00:00;1232;1239.84;1190.08.00;1227.29.00;749920
2016.02.21 00:00;1224.92;1253.24.00;1201.83;1223.32.00;652071
2016.02.28 00:00;1218.98;1279.71;1217.23.00;1258.78;704209
2016.03.06 00:00;1259.79;1283.36.00;1236.99;1249.23.00;608337
2016.03.13 00:00;1251.44.00;1270.84;1225.06.00;1255.04.00;532490
2016.03.20 00:00;1254.55.00;1260.12.00;1211.95;1217.12.00;337797
2016.03.27 00:00;1214.03.00;1243.99;1208.15.00;1222.16.00;368533
2016.04.03 00:00;1220.03.00;1243.19.00;1214.56.00;1240.49.00;388292
2016.04.10 00:00;1244.78;1262.54.00;1223.77;1233.73;417183
2016.04.17 00:00;1234.66;1270.19.00;1227.32.00;1232.73;446472
2016.04.24 00:00;1232.22.00;1296.62;1229.94;1293.68;408775
2016.05.01 00:00;1292.65;1303.65;1268.79;1288.08.00;498579
2016.05.08 00:00;1284.19.00;1287.46.00;1256.78;1273.03.00;460099
2016.05.15 00:00;1272.72;1288.62;1243.66;1251.91;473712
2016.05.22 00:00;1250.34.00;1255.94;1206.67;1211.64;416319
2016.05.29 00:00;1212.93;1244.59.00;1199.62;1244.51.00;394959
2016.06.05 00:00;1244;1278.09.00;1234.72;1274.07.00;388684
2016.06.12 00:00;1274.69;1315.54.00;1272.35.00;1298.55.00;480456
2016.06.19 00:00;1286.09.00;1358.25.00;1250.34.00;1315.67;551060
2016.06.26 00:00;1326.11.00;1344.49.00;1305.04.00;1342.28.00;828515
2016.07.03 00:00;1339.61;1375.05.00;1335.17.00;1364.93;763780
2016.07.10 00:00;1368.43.00;1374.83;1320.08.00;1338.29.00;912795
2016.07.17 00:00;1334.11.00;1338.25.00;1310.77;1322.39.00;714817
2016.07.24 00:00;1321.77;1354.09.00;1312.25.00;1351.11.00;632776
2016.07.31 00:00;1350.61;1367.21.00;1334.61;1336.87;590613
2016.08.07 00:00;1332.89;1357.11.00;1329.77;1336.58.00;588886
2016.08.14 00:00;1337.13.00;1357.94;1335.57.00;1340.92;546349
2016.08.21 00:00;1338.34.00;1344.58.00;1317.93;1321.85;551228
2016.08.28 00:00;1319.53.00;1329.99;1302.41.00;1324.08.00;520768
2016.09.04 00:00;1324.73;1352.51.00;1321.68;1327.83;471662
2016.09.11 00:00;1328.49.00;1331.88;1306.14.00;1309.66;577945
2016.09.18 00:00;1309.83;1343.55.00;1307.78;1338.72;450592
2016.09.25 00:00;1336.59.00;1342.02.00;1313.13.00;1315.89;584061
2016.10.02 00:00;1317.19.00;1319.52.00;1241.03.00;1256.54.00;593492
2016.10.09 00:00;1257.04.00;1264.85;1246.03.00;1250.43.00;498487
2016.10.16 00:00;1251.17.00;1274.52.00;1250.03.00;1266.79;474286
2016.10.23 00:00;1265.89;1284.07.00;1260.28.00;1275.71;463873
2016.10.30 00:00;1277.21.00;1307.96;1271.11.00;1304.27.00;556555
2016.11.06 00:00;1292.27.00;1337.16.00;1219.03.00;1227.24.00;961222
2016.11.13 00:00;1228.97;1232.96;1202.74;1208.51.00;783740
2016.11.20 00:00;1207.44.00;1220.95;1170.11.00;1183.71;551209
2016.11.27 00:00;1185.72;1197.53.00;1160.63;1176.87;743138
2016.12.04 00:00;1185.41.00;1187.93;1156.16.00;1158.35.00;655147
2016.12.11 00:00;1158.46.00;1165.72;1122.62;1134.65;624738
2016.12.18 00:00;1135.79;1142.24.00;1125.67;1133.39.00;375397
2016.12.25 00:00;1134.39.00;1163.15.00;1131.58.00;1151.32.00;276733
2017.01.01 00:00;1151.67;1184.94;1145.95;1172.59.00;544229
2017.01.08 00:00;1172.87;1206.88;1172.38.00;1197.33.00;663332
2017.01.15 00:00;1198.74;1218.77;1195.79;1209.94;636790
2017.01.22 00:00;1210.98;1219.04.00;1180.48.00;1191.49.00;593007
2017.01.29 00:00;1192.87;1225.21.00;1188.02.00;1219.95;788698
2017.02.05 00:00;1222.26.00;1244.64;1219.11.00;1233.68;697754
2017.02.12 00:00;1230.76;1243.71;1216.64;1234.83;540417
2017.02.19 00:00;1235.66;1260.05.00;1226.04.00;1256.98;428372
2017.02.26 00:00;1256.22.00;1263.79;1222.84;1234.42.00;489620
2017.03.05 00:00;1233.17.00;1236.76;1194.91;1204.43.00;421059
2017.03.12 00:00;1206.11.00;1233.67;1197.23.00;1229.25.00;372382
2017.03.19 00:00;1230.53.00;1253.22.00;1226.82;1245.57.00;387704
2017.03.26 00:00;1248.09.00;1260.97;1239.61;1248.96;378446
2017.04.02 00:00;1247.94;1270.83;1243.65;1254.03.00;416599
2017.04.09 00:00;1254.06.00;1288.54.00;1247.08.00;1287.44.00;338978
2017.04.16 00:00;1291.28.00;1295.45.00;1273.98;1284.29.00;395363
2017.04.23 00:00;1268.39.00;1278.05.00;1260;1267.99;384789
2017.04.30 00:00;1268.56.00;1271.15.00;1225.68;1227.56.00;343996
2017.05.07 00:00;1224.98;1236.05.00;1214.23.00;1228.48.00;324616
2017.05.14 00:00;1229.93;1265;1226.09.00;1255.33.00;419883
2017.05.21 00:00;1255.04.00;1269.39.00;1247.85;1266.94;358260
2017.05.28 00:00;1267.29.00;1279.04.00;1258.93;1278.56.00;279013
2017.06.04 00:00;1279.53.00;1296.01.00;1264.57.00;1266.06.00;339290
2017.06.11 00:00;1266.05.00;1280.85;1251.36.00;1253.38.00;356432
2017.06.18 00:00;1253.34.00;1258.08.00;1240.78;1256.61;300307
2017.06.25 00:00;1257.36.00;1258.03.00;1236.01.00;1241.43.00;376152
2017.07.02 00:00;1242.12.00;1242.63;1207.26.00;1212.02.00;328655
2017.07.09 00:00;1213.48.00;1232.77;1204.81;1228.81;304634
2017.07.16 00:00;1229.55.00;1255.63;1228.19.00;1254.07.00;317275
2017.07.23 00:00;1255.03.00;1270.76;1243.69;1268.91;413985
2017.07.30 00:00;1270.54.00;1274.04.00;1254.12.00;1258.73;346799
2017.08.06 00:00;1257.14.00;1291.93;1251.44.00;1290.41.00;391935
2017.08.13 00:00;1289.31.00;1300.74;1267.23.00;1284.62;410886
2017.08.20 00:00;1282.99;1294.52.00;1276.37.00;1291.47.00;348840
2017.08.27 00:00;1292.48.00;1328.76;1291.78;1324.59.00;441089
2017.09.03 00:00;1335.18.00;1357.42.00;1326.22.00;1346.48.00;450042
2017.09.10 00:00;1338.93;1339.96;1315.06.00;1320.29.00;462364
2017.09.17 00:00;1318.33.00;1319.59.00;1288.08.00;1296.89;371878
2017.09.24 00:00;1295.97;1313.56.00;1275.92;1279.37.00;393310
2017.10.01 00:00;1278.95;1282.12.00;1260.54.00;1276.17.00;303724
2017.10.08 00:00;1275.91;1303.64;1275.16.00;1303.03.00;461870
2017.10.15 00:00;1303.33.00;1305.91;1276.45.00;1280.11.00;799771
2017.10.22 00:00;1277.23.00;1283.51.00;1263.62;1273.43.00;861106
2017.10.29 00:00;1273.28.00;1283.96;1265.37.00;1270.03.00;779981
2017.11.05 00:00;1269.42.00;1288.31.00;1265.98;1275.06.00;848846
2017.11.12 00:00;1274.95;1296.77;1269.08.00;1294.11.00;847540
2017.11.19 00:00;1293.14.00;1294.62;1274.46.00;1288.27.00;709539
2017.11.26 00:00;1288.01.00;1299.08.00;1270.22.00;1279.88;896040
2017.12.03 00:00;1273.95;1277.02.00;1243.06.00;1248.04.00;841636
2017.12.10 00:00;1247.73;1261.72;1236.37.00;1255.33.00;719002
2017.12.17 00:00;1254.14.00;1276.02.00;1252.62;1275.28.00;601900
2017.12.24 00:00;1278.14.00;1307.41.00;1276.92;1302.33.00;379677
2017.12.31 00:00;1309.81;1325.84;1305.07.00;1319.09.00;533028
2018.01.07 00:00;1320.69;1339.21.00;1307.96;1338.17.00;786438
2018.01.14 00:00;1336.05.00;1344.06.00;1324.14.00;1331.43.00;846339
2018.01.21 00:00;1335.05.00;1365.92;1328.27.00;1350;967837
2018.01.28 00:00;1351.03.00;1352.39.00;1327.43.00;1332.57.00;1043356
2018.02.04 00:00;1331.64;1346.08.00;1307.04.00;1315.64;1442105
2018.02.11 00:00;1315.38.00;1361.69;1315.13.00;1347.43.00;836956
2018.02.18 00:00;1349.69;1351.34.00;1320.93;1328.78;655916
2018.02.25 00:00;1329.83;1341;1302.76;1322.12.00;791029
2018.03.04 00:00;1323.71;1340.37.00;1312.83;1323.36.00;934249
2018.03.11 00:00;1322.86;1330.01.00;1309.06.00;1313.47.00;667742
2018.03.18 00:00;1313.14.00;1350.02.00;1307.17.00;1347.51.00;737504
2018.03.25 00:00;1348.15.00;1356.84;1321.21.00;1325.04.00;600011
2018.04.01 00:00;1325.08.00;1348.22.00;1319.05.00;1332.69;814916
2018.04.08 00:00;1333.49.00;1365.02.00;1326.85;1345.07.00;838708
2018.04.15 00:00;1342.69;1355.67;1334.94;1335.44.00;737019
2018.04.22 00:00;1334.69;1335.43.00;1315.26.00;1322.91;687134
2018.04.29 00:00;1322.78;1324.88;1301.74;1314.06.00;705708
2018.05.06 00:00;1314.89;1325.09.00;1304.28.00;1317.93;698319
2018.05.13 00:00;1318.11.00;1322.29.00;1284.93;1292.48.00;679329
2018.05.20 00:00;1291.52.00;1307.75;1282;1300.52.00;710472
2018.05.27 00:00;1299.41.00;1306.57.00;1289.34.00;1293.27.00;792439
2018.06.03 00:00;1293.04.00;1303.09.00;1289.69;1298.06.00;544329
2018.06.10 00:00;1299.01.00;1309.28.00;1275.33.00;1280.19.00;540143
2018.06.17 00:00;1279.13.00;1283.99;1261.29.00;1269.21.00;482730
2018.06.24 00:00;1271.37.00;1272.56.00;1245.84;1252.74;513968
2018.07.01 00:00;1252.73;1261.07.00;1237.82;1254.56.00;439767
2018.07.08 00:00;1255.25.00;1265.84;1236.03.00;1241.06.00;496748
2018.07.15 00:00;1241.27.00;1245.51.00;1211.45.00;1231.59.00;496421
2018.07.22 00:00;1230.39.00;1235.18.00;1217.51.00;1222.81;526279
2018.07.29 00:00;1223.34.00;1228.53.00;1204.04.00;1213.14.00;450695
2018.08.05 00:00;1213.61;1217.85;1205.07.00;1211.38.00;429765
2018.08.12 00:00;1212.51.00;1213.08.00;1160.07.00;1184.17.00;387991
2018.08.19 00:00;1183.46.00;1208.49.00;1182.06.00;1205.88;324565
2018.08.26 00:00;1207.02.00;1214.21.00;1196.17.00;1200.78;307606
2018.09.02 00:00;1200.68;1206.95;1189.56.00;1195.83;369264
2018.09.09 00:00;1196.35.00;1212.06.00;1187.66;1193.43.00;341008
2018.09.16 00:00;1193.67;1211.03.00;1191.78;1199.01.00;351376
2018.09.23 00:00;1198.88;1204.12.00;1180.66;1191.51.00;321681
2018.09.30 00:00;1191.89;1208.25.00;1184.51.00;1202.75;326891
2018.10.07 00:00;1203.18.00;1226.03.00;1183.16.00;1217.76;306294
2018.10.14 00:00;1217.78;1233.22.00;1217.74;1226.38.00;296327
2018.10.21 00:00;1228;1243.36.00;1219.97;1233.53.00;310104
2018.10.28 00:00;1232.96;1237.33.00;1211.93;1232.75;316113
2018.11.04 00:00;1233.14.00;1236.43.00;1206.65;1209.32.00;310763
2018.11.11 00:00;1209.41.00;1225.23.00;1196.21.00;1221.02.00;315120
2018.11.18 00:00;1221.94;1230.03.00;1217.97;1222.51.00;246433
2018.11.25 00:00;1223.38.00;1228.91;1211.15.00;1221.96;262194
2018.12.02 00:00;1222.91;1249.98;1221.25.00;1248.41.00;294598
2018.12.09 00:00;1250.04.00;1250.49.00;1232.89;1238;331897
2018.12.16 00:00;1237.33.00;1266.43.00;1235.47.00;1255.38.00;290796
2018.12.23 00:00;1258.48.00;1282.01.00;1257.89;1280.59.00;172410
2018.12.30 00:00;1279.92;1298.52.00;1276.54.00;1284.53.00;187785
2019.01.06 00:00;1285.34.00;1297.03.00;1279.31.00;1287.39.00;219681
2019.01.13 00:00;1288.04.00;1295.79;1280.56.00;1281.18.00;191097
2019.01.20 00:00;1282.53.00;1303.91;1276.07.00;1302.79;159287
2019.01.27 00:00;1302.27.00;1326.25.00;1297.56.00;1317.71;195232
2019.02.03 00:00;1317.06.00;1317.89;1302.73;1313.95;154258
2019.02.10 00:00;1313.14.00;1322.57.00;1302.34.00;1321.26.00;183099
2019.02.17 00:00;1317.36.00;1346.66;1315.81;1327.56.00;197552
2019.02.24 00:00;1327.47.00;1332.51.00;1290.12.00;1293.42.00;196295
2019.03.03 00:00;1295.06.00;1300.69;1280.77;1298.23.00;198636
2019.03.10 00:00;1296.85;1311.19.00;1290.42.00;1301.92;162381
2019.03.17 00:00;1302.24.00;1320.35.00;1298.13.00;1313.07.00;185196
2019.03.24 00:00;1312.19.00;1324.49.00;1286.66;1292.16.00;196220
2019.03.31 00:00;1292.15.00;1296.97;1280.88;1291.49.00;144067
2019.04.07 00:00;1292.17.00;1310.53.00;1289.53.00;1290.46.00;165500
2019.04.14 00:00;1291.22.00;1291.89;1271.09.00;1275.47.00;132347
2019.04.21 00:00;1275.72;1288.67;1266.21.00;1285.95;158188
2019.04.28 00:00;1285.92;1287.23.00;1266.02.00;1278.97;187025
2019.05.05 00:00;1282.56.00;1291.44.00;1276.93;1285.66;216600
2019.05.12 00:00;1287.13.00;1303.23.00;1274.72;1277.48.00;191895
2019.05.19 00:00;1278.29.00;1287.27.00;1269.41.00;1284.08.00;163395
2019.05.26 00:00;1285.21.00;1306.92;1274.95;1305.13.00;183597
2019.06.02 00:00;1306.59.00;1348.23.00;1306.49.00;1340.24.00;273504
2019.06.09 00:00;1334.62;1358.12.00;1319.83;1340.82;251089
2019.06.16 00:00;1341.76;1411.76;1332.93;1398.68;413429
2019.06.23 00:00;1399.87;1439.21.00;1398.59.00;1409.91;474906
2019.06.30 00:00;1391.67;1437.73;1381.66;1398.09.00;383112
2019.07.07 00:00;1399.09.00;1427.07.00;1385.69;1414.83;297186
2019.07.14 00:00;1416.52.00;1452.92;1400.01.00;1424.96;324522
2019.07.21 00:00;1426.44.00;1433.73;1411;1418.31.00;300081
2019.07.28 00:00;1420.75;1447.93;1400.44.00;1440.32.00;358716
2019.08.04 00:00;1440.29.00;1510.33.00;1436.67;1497.02.00;533454
2019.08.11 00:00;1496.05.00;1534.95;1479.77;1512.01.00;542805
2019.08.18 00:00;1509.43.00;1530.02.00;1492.43.00;1526.25.00;366785
2019.08.25 00:00;1545.74;1555.21.00;1516.93;1520.55.00;500451
2019.09.01 00:00;1529.39.00;1556.98;1502.47.00;1506.38.00;459380
2019.09.08 00:00;1503.51.00;1524.13.00;1484.45.00;1488.55.00;402379
2019.09.15 00:00;1500.71;1517.01.00;1482.97;1516.27.00;352324
2019.09.22 00:00;1512.63;1535.63;1486.79;1496.61;395764
2019.09.29 00:00;1496.25.00;1519.48.00;1459.03.00;1504.05.00;449106
2019.10.06 00:00;1508.53.00;1516.98;1473.93;1487.93;514582
2019.10.13 00:00;1486.43.00;1498.53.00;1476.96;1489.93;405638
2019.10.20 00:00;1491.65;1517.93;1480.78;1504.16.00;353224
2019.10.27 00:00;1503.29.00;1516.09.00;1481.08.00;1513.09.00;367260
2019.11.03 00:00;1512.69;1514.77;1456.12.00;1458.72;402549
2019.11.10 00:00;1460.22.00;1474.55.00;1445.57.00;1467.37.00;377394
2019.11.17 00:00;1467.85;1478.75;1456.28.00;1461.81;371331
2019.11.24 00:00;1460.39.00;1466.53.00;1450.02.00;1463.83;251257
2019.12.01 00:00;1462.43.00;1484.01.00;1453.89;1459.53.00;343446
2019.12.08 00:00;1458.58.00;1486.69;1458.48.00;1475.44.00;348614
2019.12.15 00:00;1474.85;1481.64;1470.38.00;1477.93;256268
2019.12.22 00:00;1477.96;1515.29.00;1477.46.00;1510.63;180705
2019.12.29 00:00;1511.16.00;1553.43.00;1510.07.00;1551.44.00;259837
2020.01.05 00:00;1575.89;1611.35.00;1540.02.00;1561.76;538320
2020.01.12 00:00;1559.55.00;1561.21.00;1535.96;1556.83;361530
2020.01.19 00:00;1559;1575.95;1546.03.00;1570.09.00;346902
2020.01.26 00:00;1580.71;1590.48.00;1563.35.00;1588.83;454810
2020.02.02 00:00;1588.65;1592;1547.38.00;1570;425095
2020.02.09 00:00;1569.27.00;1585.01.00;1561.92;1583.69;353672
2020.02.16 00:00;1581.25.00;1649.23.00;1578.85;1643.73;411312
2020.02.23 00:00;1659.37.00;1689.25.00;1562.93;1584.07.00;844162
2020.03.01 00:00;1581.79;1692.09.00;1575.31.00;1674.06.00;728100
2020.03.08 00:00;1695.92;1703.44.00;1504.62;1529.78;774467
2020.03.15 00:00;1543.04.00;1562.94;1451.13.00;1498.64;861612
2020.03.22 00:00;1490.02.00;1644.37.00;1485;1622.55.00;359304
2020.03.29 00:00;1619.97;1632.25.00;1569.33.00;1615.07.00;389849
2020.04.05 00:00;1614.62;1690.43.00;1608.35.00;1683.56.00;379776
2020.04.12 00:00;1677.47.00;1747.04.00;1674.98;1682.14.00;549614
2020.04.19 00:00;1683.02.00;1738.78;1660.03.00;1726.41.00;666507
2020.04.26 00:00;1722.32.00;1727.59.00;1670.04.00;1699.06.00;645009
2020.05.03 00:00;1698.03.00;1723.06.00;1681.14.00;1702.09.00;475375
2020.05.10 00:00;1702.38.00;1751.68;1691.53.00;1741.85;616666
2020.05.17 00:00;1747.36.00;1765.08.00;1717.01.00;1735.45.00;643360
2020.05.24 00:00;1732.11.00;1737.69;1693.62;1730.41.00;445363
2020.05.31 00:00;1735.04.00;1745.09.00;1670.55.00;1684.03.00;465207
2020.06.07 00:00;1680.52.00;1744.63;1677.22.00;1730.57.00;491961
2020.06.14 00:00;1730.76;1745.28.00;1704.11.00;1742.26.00;445889
2020.06.21 00:00;1747.68;1779.43.00;1742.74;1769.57.00;441284
2020.06.28 00:00;1770.32.00;1789.08.00;1757.43.00;1774.09.00;314619
2020.07.05 00:00;1773.37.00;1817.92;1769.86;1798.57.00;341523
2020.07.12 00:00;1799.11.00;1815.04.00;1790.63;1809.68;328959
2020.07.19 00:00;1808.04.00;1906.05.00;1805.62;1901.63;515071
2020.07.26 00:00;1902.64;1983.97;1902.54.00;1975.02.00;659360
2020.08.02 00:00;1983.53.00;2074.87;1960.39.00;2033.15.00;669732
2020.08.09 00:00;2026.31.00;2049.85;1862.58.00;1943.57.00;817324
2020.08.16 00:00;1944.91;2015.57.00;1911.26.00;1938.98;775202
2020.08.23 00:00;1936.69;1976.53.00;1902.64;1964.34.00;705580
2020.08.30 00:00;1969.07.00;1992.29.00;1916.27.00;1933.09.00;570314
2020.09.06 00:00;1932.07.00;1966.53.00;1906.54.00;1940.48.00;529052
2020.09.13 00:00;1937.74;1973.64;1932.87;1950.42.00;530702
2020.09.20 00:00;1949.75;1955.62;1848.75;1860.14.00;777984
2020.09.27 00:00;1862.09.00;1917.01.00;1848.93;1900.58.00;608639
2020.10.04 00:00;1903.47.00;1930.41.00;1872.94;1929.87;477161
2020.10.11 00:00;1926.89;1933.18.00;1882.46.00;1898.76;455477
2020.10.18 00:00;1899.71;1931.36.00;1894.29.00;1901.41.00;405271
2020.10.25 00:00;1901.37.00;1911.42.00;1859.92;1878.37.00;467051
2020.11.01 00:00;1879.27.00;1960.29.00;1873.41.00;1951.81;580032
2020.11.08 00:00;1957.18.00;1965.46.00;1850.52.00;1889.28.00;635034
2020.11.15 00:00;1887.89;1899.01.00;1852.69;1870.09.00;456753
2020.11.22 00:00;1870.86;1876.14.00;1774.33.00;1786.76;411687
2020.11.29 00:00;1789.31.00;1848.17.00;1764.38.00;1838.06.00;427513
2020.12.06 00:00;1836.86;1875.28.00;1821.99;1839.91;422287
2020.12.13 00:00;1837.07.00;1896.19.00;1818.34.00;1880.55.00;426650
2020.12.20 00:00;1882.51.00;1906.07.00;1854.99;1879.03.00;389110
2020.12.27 00:00;1888.04.00;1900.38.00;1869.12.00;1893.43.00;288354
2021.01.03 00:00;1909.07.00;1959.29.00;1828.27.00;1849.04.00;610672
2021.01.10 00:00;1854.74;1863.08.00;1817;1827.65;542639
2021.01.17 00:00;1828.39.00;1875.01.00;1810.29.00;1854.67;575815
2021.01.24 00:00;1858.02.00;1875.69;1831.35.00;1847.59.00;755117
2021.01.31 00:00;1855.57.00;1871.78;1784.09.00;1813.04.00;814822
2021.02.07 00:00;1817.35.00;1855.31.00;1807.77;1824.17.00;600490
2021.02.14 00:00;1824.88;1827.02.00;1760.64;1783.05.00;683202
2021.02.21 00:00;1786.78;1816.01.00;1717.18.00;1733.84;968129
2021.02.28 00:00;1737.79;1759.89;1687.28.00;1700.76;955719
2021.03.07 00:00;1706.24.00;1739.82;1676.82;1726.92;787385
2021.03.14 00:00;1728.56.00;1755.46.00;1719.25.00;1745.14.00;695664
2021.03.21 00:00;1743.08.00;1745.43.00;1721.63;1732.07.00;605314
2021.03.28 00:00;1731.17.00;1732.84;1677.86;1729.49.00;491085
2021.04.04 00:00;1728.66;1758.66;1721.25.00;1743.46.00;513577
2021.04.11 00:00;1742.71;1783.79;1723.07.00;1776.67;542195
2021.04.18 00:00;1775.67;1797.88;1763.53.00;1776.48.00;532590
2021.04.25 00:00;1775.48.00;1789.98;1756.19.00;1768.97;494178
2021.05.02 00:00;1766.81;1843.03.00;1766.04.00;1830.85;521847
2021.05.09 00:00;1833.04.00;1845.93;1808.77;1842.56.00;606858
2021.05.16 00:00;1843.52.00;1890.09.00;1843.52.00;1881.74;643808
2021.05.23 00:00;1881.41.00;1912.74;1872.71;1903.18.00;629466
2021.05.30 00:00;1903.74;1916.58.00;1855.05.00;1891.51.00;558035
2021.06.06 00:00;1890.19.00;1903.67;1869.84;1876.16.00;552311
2021.06.13 00:00;1876.07.00;1877.62;1760.91;1764.52.00;647683
2021.06.20 00:00;1768.64;1794.95;1766.04.00;1781.11.00;579197
2021.06.27 00:00;1781.24.00;1795.04.00;1750.69;1787.33.00;403970
2021.07.04 00:00;1787.11.00;1818.33.00;1784.47.00;1808.04.00;394497
2021.07.11 00:00;1807.97;1834.07.00;1791.65;1811.51.00;392692
2021.07.18 00:00;1811.29.00;1824.92;1789.63;1801.93;491730
2021.07.25 00:00;1802.26.00;1832.62;1792.36.00;1814.28.00;441246
2021.08.01 00:00;1814.06.00;1831.65;1758.65;1763.18.00;407972
2021.08.08 00:00;1761.08.00;1779.79;1683.02.00;1779.07.00;454624
2021.08.15 00:00;1779.08.00;1795.46.00;1770.08.00;1780.94;422838
2021.08.22 00:00;1781.52.00;1819.09.00;1776.44.00;1817.85;361756
2021.08.29 00:00;1818.18.00;1833.95;1801.71;1827.59.00;300668
2021.09.05 00:00;1828.29.00;1830.24.00;1782.43.00;1787.81;298632
2021.09.12 00:00;1787.35.00;1808.58.00;1745.24.00;1753.92;379670
2021.09.19 00:00;1754.22.00;1787.21.00;1737.43.00;1749.72;435999
2021.09.26 00:00;1749.81;1764.28.00;1721.65;1760.15.00;493413
2021.10.03 00:00;1760.79;1781.27.00;1745.95;1757.01.00;443992
2021.10.10 00:00;1756.97;1800.57.00;1750.18.00;1767.42.00;433860
2021.10.17 00:00;1767.18.00;1813.79;1760.31.00;1792.67;498233
2021.10.24 00:00;1792.93;1810.38.00;1771.98;1782.98;513052
2021.10.31 00:00;1783.36.00;1818.27.00;1758.07.00;1817.84;451828
2021.11.07 00:00;1815.69;1868.61;1812.46.00;1864.35.00;439003
2021.11.14 00:00;1866.79;1877.23.00;1843;1845.07.00;440565
2021.11.21 00:00;1842.19.00;1849.15.00;1778.54.00;1790.86;467371
2021.11.28 00:00;1788.53.00;1808.74;1761.97;1783.88;539910
2021.12.05 00:00;1782;1793.15.00;1770.01.00;1782.82;428326
2021.12.12 00:00;1782.77;1814.28.00;1752.34.00;1797.98;445803
2021.12.19 00:00;1800.31.00;1810.63;1785;1807.76;318935
2021.12.26 00:00;1805.97;1828.08.00;1789.47.00;1827.95;336141
2022.01.02 00:00;1830.63;1831.82;1782.64;1796.03.00;481942
2022.01.09 00:00;1794.95;1829.18.00;1790.36.00;1817.54.00;472665
2022.01.16 00:00;1817.35.00;1847.92;1805.79;1834.63;519032
2022.01.23 00:00;1832.09.00;1853.09.00;1780.03.00;1791.58.00;625250
2022.01.30 00:00;1788.96;1814.88;1785.57.00;1807.84;497346
2022.02.06 00:00;1808.53.00;1865.45.00;1807.84;1858.98;534603
2022.02.13 00:00;1855.86;1902.51.00;1844.49.00;1897.34.00;607854
2022.02.20 00:00;1902.54.00;1974.52.00;1878;1888.25.00;678617
2022.02.27 00:00;1919.79;1970.19.00;1890.86;1969.74;685253
2022.03.06 00:00;1980.67;2070.03.00;1958.56.00;1985.22.00;781215
2022.03.13 00:00;1979.73;1983.64;1895.01.00;1920.74;441926
2022.03.20 00:00;1925.11.00;1966.02.00;1910.67;1957.24.00;441165
2022.03.27 00:00;1955.63;1958.52.00;1890.02.00;1924.09.00;565943
2022.04.03 00:00;1924.07.00;1948.13.00;1915.15.00;1946.04.00;502378
2022.04.10 00:00;1947.06.00;1981.59.00;1940;1973.19.00;437384
2022.04.17 00:00;1972.39.00;1998.43.00;1926.68;1931.91;611300
2022.04.24 00:00;1932.72;1934.26.00;1872.04.00;1896.42.00;675482
2022.05.01 00:00;1899.29.00;1909.77;1850.38.00;1882.37.00;611618
2022.05.08 00:00;1883.46.00;1885.59.00;1799.06.00;1811.66;680392
2022.05.15 00:00;1814.33.00;1849.44.00;1786.84;1845.71;518168
2022.05.22 00:00;1847.95;1869.67;1840.78;1852.98;398743
2022.05.29 00:00;1852.24.00;1874.09.00;1828.05.00;1851.16.00;358729
2022.06.05 00:00;1850.56.00;1876;1825.13.00;1871.57.00;394589
2022.06.12 00:00;1878.02.00;1878.78;1805.17.00;1840.39.00;642087
2022.06.19 00:00;1835.91;1847.93;1816.92;1827.42.00;445501
2022.06.26 00:00;1835.82;1841.03.00;1784.45.00;1808.94;480337
2022.07.03 00:00;1811.41.00;1814.26.00;1732.25.00;1742.45.00;484417
2022.07.10 00:00;1741.09.00;1745.42.00;1697.61;1707.32.00;576836
2022.07.17 00:00;1706.71;1739.31.00;1680.84;1727.38.00;514087
2022.07.24 00:00;1726.64;1767.93;1711.52.00;1766;545254
2022.07.31 00:00;1764.75;1794.95;1754.34.00;1775.42.00;528527
2022.08.07 00:00;1771.34.00;1807.87;1770.82;1801.62;483920
2022.08.14 00:00;1801.09.00;1802.27.00;1745.54.00;1747.28.00;515230
2022.08.21 00:00;1746.52.00;1765.05.00;1727.77;1738.08.00;534244
2022.08.28 00:00;1735.95;1745.52.00;1688.08.00;1712.78;580171
2022.09.04 00:00;1711.56.00;1729.41.00;1691.27.00;1716.85;553933
2022.09.11 00:00;1718.58.00;1735.13.00;1654.16.00;1675.01.00;600621
2022.09.18 00:00;1675.02.00;1688.03.00;1639.75;1644.87;654197
2022.09.25 00:00;1643.09.00;1675.36.00;1614.81;1660.79;810027
2022.10.02 00:00;1663.22.00;1729.49.00;1659.72;1694.08.00;683837
2022.10.09 00:00;1696.55.00;1699.81;1640.19.00;1644.29.00;707140
2022.10.16 00:00;1645.84;1668.46.00;1617.29.00;1657.33.00;706198
2022.10.23 00:00;1659.08.00;1674.93;1638.05.00;1644.06.00;765258
2022.10.30 00:00;1642.98;1681.72;1616.72;1680.79;713265
2022.11.06 00:00;1674.04.00;1772.78;1664.71;1770.15.00;712846
2022.11.13 00:00;1763.34.00;1786.57.00;1747.55.00;1750.97;803236
2022.11.20 00:00;1751.15.00;1761.24.00;1727.31.00;1754.65;602710
2022.11.27 00:00;1754.28.00;1804.52.00;1739.63;1797.98;804209
2022.12.04 00:00;1795.99;1810.01.00;1765.85;1797.46.00;705342
2022.12.11 00:00;1796.94;1824.52.00;1773.75;1793.01.00;768627
2022.12.18 00:00;1792.62;1823.84;1783.79;1798.51.00;686942
2022.12.25 00:00;1800.08.00;1833.63;1797.04.00;1824.02.00;418454
2023.01.01 00:00;1826.57.00;1869.87;1823.52.00;1866.03.00;590203
2023.01.08 00:00;1867.72;1921.89;1866.44.00;1920.29.00;721452
2023.01.15 00:00;1919;1937.54.00;1896.59.00;1925.92;702635
2023.01.22 00:00;1925.87;1949.09.00;1911.04.00;1928.03.00;697009
2023.01.29 00:00;1927.19.00;1959.68;1861.44.00;1865.81;846902
2023.02.05 00:00;1862.02.00;1890.31.00;1852.08.00;1865.35.00;696549
2023.02.12 00:00;1864.68;1870.66;1818.09.00;1842.54.00;651492
2023.02.19 00:00;1840.89;1847.48.00;1808.93;1810.82;588820
2023.02.26 00:00;1812.62;1856.32.00;1804.69;1855.03.00;584208
2023.03.05 00:00;1854.02.00;1870.18.00;1809.41.00;1867.15.00;680068
2023.03.12 00:00;1886.16.00;1988.17.00;1871.55.00;1988.17.00;1026692
2023.03.19 00:00;1986.07.00;2009.08.00;1934.27.00;1978.81;861257
2023.03.26 00:00;1977.94;1987.63;1944.04.00;1969.41.00;610685
2023.04.02 00:00;1967.06.00;2032.26.00;1949.76;2007.32.00;547435
2023.04.09 00:00;1997.03.00;2048.67;1981.72;2004.42.00;718766
2023.04.16 00:00;1999.29.00;2015.05.00;1969.18.00;1982.84;731626
2023.04.23 00:00;1982.38.00;2009.43.00;1974.13.00;1989.55.00;823616
2023.04.30 00:00;1989.54.00;2066.81;1977.09.00;2016.54.00;859289
2023.05.07 00:00;2017.12.00;2048.18.00;2000.89;2010.91;720579
2023.05.14 00:00;2008.04.00;2022.21.00;1951.98;1977.05.00;627079
2023.05.21 00:00;1977.99;1985.29.00;1936.76;1946.72;636757
2023.05.28 00:00;1942.84;1983.48.00;1932.05.00;1947.62;566615
2023.06.04 00:00;1947.68;1973.01.00;1938.13.00;1960.46.00;573758
2023.06.11 00:00;1960.21.00;1971.13.00;1924.07.00;1957.51.00;633824
2023.06.18 00:00;1957.62;1958.76;1909.99;1920.53.00;537883
2023.06.25 00:00;1925.15.00;1933.36.00;1892.95;1919.17.00;712067
2023.07.02 00:00;1918.06.00;1935.05.00;1902.59.00;1925.31.00;624977
2023.07.09 00:00;1924.76;1963.78;1912.69;1955.45.00;770724
2023.07.16 00:00;1955.47.00;1987.43.00;1945.77;1961.84;711220
2023.07.23 00:00;1962.41.00;1982.23.00;1942.57.00;1959.15.00;728247
2023.07.30 00:00;1959.58.00;1972.39.00;1925.53.00;1942.65;675597
2023.08.06 00:00;1942.75;1946.72;1910.77;1913.62;551713
2023.08.13 00:00;1913.35.00;1916.24.00;1885.04.00;1889.37.00;617583
2023.08.20 00:00;1889.66;1923.04.00;1884.81;1914.21.00;622379
2023.08.27 00:00;1914.86;1953.02.00;1912.77;1939.85;566074
2023.09.03 00:00;1940.41.00;1946.28.00;1915.31.00;1919.13.00;471900
2023.09.10 00:00;1920.36.00;1930.77;1901.02.00;1923.68;603394
2023.09.17 00:00;1923.42.00;1947.42.00;1913.09.00;1925.25.00;561848
2023.09.24 00:00;1925.07.00;1927.22.00;1846.33.00;1848.74;596300
2023.10.01 00:00;1846.45.00;1848.93;1810.47.00;1831.84;892818
2023.10.08 00:00;1847.52.00;1932.41.00;1844.23.00;1932.41.00;956661
2023.10.15 00:00;1925.94;1997.21.00;1908.02.00;1980.09.00;914379
2023.10.22 00:00;1968.07.00;2009.47.00;1953.49.00;2005.91;876047
2023.10.29 00:00;2004.09.00;2007.93;1969.88;1992.52.00;865083
2023.11.05 00:00;1992.43.00;1993.16.00;1933.06.00;1938.62;788564
2023.11.12 00:00;1938.42.00;1993.36.00;1931.06.00;1980.56.00;674287
2023.11.19 00:00;1978.11.00;2007.53.00;1965.04.00;2002.33.00;551592
2023.11.26 00:00;2002.12.00;2075.36.00;2000.38.00;2071.63;397807
2023.12.03 00:00;2072.06.00;2144.77;1994.58.00;2004.04.00;356808
2023.12.10 00:00;2005.36.00;2047.09.00;1973;2019.02.00;583557
2023.12.17 00:00;2019.56.00;2070.07.00;2015.86;2052.75;1615509
2023.12.24 00:00;2053.23.00;2088.51.00;2052.97;2062.67;1113061
2023.12.31 00:00;2062.91;2078.99;2024.34.00;2045.03.00;1622256
2024.01.07 00:00;2044.65;2062.33.00;2013.16.00;2048.81;2264527
2024.01.14 00:00;2047.09.00;2058.66;2001.68;2029.33.00;2105863
2024.01.21 00:00;2029.07.00;2037.98;2009.47.00;2018.49.00;2199878
2024.01.28 00:00;2024.05.00;2065.54.00;2019.18.00;2039.57.00;2244897
2024.02.04 00:00;2040.01.00;2044.64;2014.76;2024.26.00;1022019
2024.02.11 00:00;2024.15.00;2031.91;1984.03.00;2013.18.00;711573
2024.02.18 00:00;2014.69;2041.39.00;2011.38.00;2035.52.00;671589
2024.02.25 00:00;2034.32.00;2088.38.00;2024.38.00;2083.26.00;707541
2024.03.03 00:00;2082.51.00;2195.22.00;2079.37.00;2178.55.00;816497
2024.03.10 00:00;2181.21.00;2189.03.00;2150.05.00;2155.82;425337
2024.03.17 00:00;2153.03.00;2222.65;2146.08.00;2165.27.00;350261
2024.03.24 00:00;2165.09.00;2236.18.00;2163.05.00;2232.88;280634
2024.03.31 00:00;2241.94;2330.44.00;2228.51.00;2329.28.00;446098
2024.04.07 00:00;2324.16.00;2431.44.00;2302.09.00;2344.22.00;546458
2024.04.14 00:00;2355.06.00;2417.83;2323.98;2390.63;599897
2024.04.21 00:00;2389.08.00;2389.08.00;2291.39.00;2337.78;368261
2024.04.28 00:00;2337.22.00;2346.63;2277.38.00;2301.67;350204
2024.05.05 00:00;2304.58.00;2378.32.00;2291.79;2360.47.00;351937
2024.05.12 00:00;2361.09.00;2422.74;2332.11.00;2413.84;367250
2024.05.19 00:00;2418.33.00;2450.07.00;2325.46.00;2333.86;462366
2024.05.26 00:00;2338.09.00;2364.14.00;2320.06.00;2327.46.00;413597
2024.06.02 00:00;2328.79;2387.69;2286.71;2293.38.00;436326
2024.06.09 00:00;2294.71;2341.66;2287.78;2332.06.00;412299
2024.06.16 00:00;2331.47.00;2368.73;2306.64;2321.42.00;367545
2024.06.23 00:00;2321.36.00;2339.75;2293.67;2326.04.00;384255
2024.06.30 00:00;2326.09.00;2392.91;2318.05.00;2391.06.00;341699
2024.07.07 00:00;2386.21.00;2424.54.00;2349.29.00;2411.59.00;377795
2024.07.14 00:00;2411.51.00;2483.54.00;2393.71;2400.03.00;710986
2024.07.21 00:00;2401.79;2431.09.00;2352.97;2387.34.00;939704
2024.07.28 00:00;2388.07.00;2477.61;2369.54.00;2441.38.00;1032009
2024.08.04 00:00;2444.61;2458.65;2364.06.00;2431.07.00;1153554
2024.08.11 00:00;2429.26.00;2509.61;2423.75;2507.46.00;865760
2024.08.18 00:00;2508.41.00;2531.53.00;2470.73;2511.93;900910
2024.08.25 00:00;2511.56.00;2528.09.00;2493.55.00;2503.35.00;854295
2024.09.01 00:00;2502.34.00;2529.08.00;2471.77;2497.61;834491
2024.09.08 00:00;2497.09.00;2585.92;2485.44.00;2578.38.00;909868
2024.09.15 00:00;2579.39.00;2625.65;2546.71;2622.26.00;918488
2024.09.22 00:00;2619.54.00;2685.44.00;2613.78;2659.81;985079
2024.09.29 00:00;2658.25.00;2673.04.00;2624.59.00;2653.57.00;869151
2024.10.06 00:00;2649.56.00;2661.04.00;2604.77;2656.38.00;438972
2024.10.13 00:00;2655.69;2722.06.00;2638.33.00;2721.91;421809
2024.10.20 00:00;2720.16.00;2758.47.00;2708.78;2747.39.00;448551
2024.10.27 00:00;2732.07.00;2790.09.00;2724.72;2735.84;458746
2024.11.03 00:00;2738.13.00;2749.88;2643.33.00;2684.15.00;507503
2024.11.10 00:00;2682.96;2686.22.00;2536.77;2561.78;505351
2024.11.17 00:00;2564.94;2715.05.00;2564.79;2715.34.00;484850
2024.11.24 00:00;2692.25.00;2721.31.00;2604.86;2650.33.00;445728
2024.12.01 00:00;2652.01.00;2656.99;2612.32.00;2632.67;467542
2024.12.08 00:00;2643.88;2726.15.00;2627.57.00;2648.08.00;485389
2024.12.15 00:00;2649.97;2664.03.00;2582.76;2622.47.00;3348524
2024.12.22 00:00;2621.61;2639.04.00;2608.08.00;2621.08.00;2010221
2024.12.29 00:00;2620.18.00;2665.21.00;2596.02.00;2639.65;2134898
2025.01.05 00:00;2639.36.00;2697.82;2614.46.00;2689.87;3436393
2025.01.12 00:00;2689.72;2724.64;2656.74;2701.91;3901680
2025.01.19 00:00;2702.85;2785.09.00;2689.29.00;2770.21.00;4064718
2025.01.26 00:00;2769.65;2817.07.00;2730.04.00;2798.14.00;4371579
2025.02.02 00:00;2799.43.00;2886.67;2772.08.00;2860.22.00;4769210
2025.02.09 00:00;2858.16.00;2942.56.00;2856.01.00;2882.21.00;4545870
2025.02.16 00:00;2883.87;2954.81;2878.06.00;2935.28.00;2994635
2025.02.23 00:00;2934.98;2956.08.00;2832.59.00;2857.19.00;3752611
2025.03.02 00:00;2856.73;2930.28.00;2855.28.00;2909.15.00;3926527
2025.03.09 00:00;2911.49.00;3004.08.00;2880.02.00;2984.13.00;3387672
2025.03.16 00:00;2984.45.00;3057.35.00;2982.14.00;3023.43.00;3072557
2025.03.23 00:00;3020.94;3086.74;3002.04.00;3084.63;3307912
2025.03.30 00:00;3086.47.00;3167.67;3015.07.00;3037.86;5059478
2025.04.06 00:00;3021.37.00;3245.35.00;2956.05.00;3236.91;6460786
2025.04.13 00:00;3226.09.00;3357.67;3193.25.00;3327.05.00;3091103
2025.04.20 00:00;3332.54.00;3499.94;3260.08.00;3296.91;4622011
